insert into User values(
"0001", 
"Jinchao Ye", 
"http://profile.ak.fbcdn.net/hprofile-ak-ash2/372183_100002081796756_1036753949_n.jpg",
37.424861,
-122.159024
);
insert into User values(
"0002", 
"Yinan Na", 
"http://profile.ak.fbcdn.net/hprofile-ak-snc4/368885_1297817020_1502213717_n.jpg",
37.402883,
-122.116601
);
insert into User values(
"0003", 
"Sharapova", 
"http://beautiful-pics.org/wp-content/uploads/2010/12/maria_sharapova.jpg",
37.402883,
-122.116601
);
insert into Event values(
1,
"BasketBall Weekend",
"Basketball",
"Let play BasketBall",
"0001",
"2012-08-13 17:00:00",
"2012-08-13 20:00:00",
37.431114,-122.161109,
14
);
insert into Event values(
11,
"BasketBall Weekend",
"Basketball",
"Let play BasketBall",
"0001",
"2012-08-14 17:00:00",
"2012-08-14 20:00:00",
37.395869,-122.122148,
14
);
insert into Event values(
12,
"BasketBall Weekend",
"Basketball",
"Let play BasketBall",
"0001",
"2012-08-15 17:00:00",
"2012-08-15 20:00:00",
37.877834,-122.27239,
14
);
insert into Event values(
13,
"BasketBall Weekend",
"Basketball",
"Let play BasketBall",
"0001",
"2012-08-15 17:00:00",
"2012-08-15 20:00:00",
37.427161,-122.08285,
14
);
insert into Event values(
2,
"Soccer Time",
"Soccer",
"Wanna play Soccer?",
"0002",
"2012-08-15 15:00:00",
"2012-08-15 18:00:00",
37.395869,-122.122148,
24
);
insert into Event values(
3,
"Tennis Time",
"Tennis",
"Sharapova teach you play tennis!",
"0003",
"2012-09-24 8:00:00",
"2012-09-24 18:00:00",
37.877834,-122.27239,
5
);
insert into Event values(
4,
"Volleyball Time",
"Volleyball",
"Let's play volleyball!",
"0001",
"2012-11-24 8:00:00",
"2012-11-24 18:00:00",
37.427161,-122.08285,
24
);
insert into Event values(
5,
"Golf Time",
"Golf",
"Let's play golf!",
"0002",
"2012-11-25 8:00:00",
"2012-11-25 18:00:00",
37.785911,-122.418697,
24
);
insert into categoryHash values(
	"Basketball", 1
);
insert into categoryHash values(
	"Soccer", 2
);
insert into categoryHash values(
	"Baseball", 3
);
insert into categoryHash values(
	"Football", 4
);
insert into categoryHash values(
	"Tennis", 5
);
insert into categoryHash values(
	"Golf", 6
);
insert into categoryHash values(
	"Volleyball", 7
);
insert into categoryHash values(
	"Water Polo", 8
);